first_name,last_name,source,email,phone_number
joe,soap,facebook,joesoap@test.com,2671
bob,soap,facebook,bob@test.com,2671
mary,soap,facebook,mary@test.com,2671
luke,soap,facebook,luke@test.com,2671
john,soap,facebook,john@test.com,2671
max,soap,facebook,max@test.com,2671
mark,soap,facebook,mark@test.com,2671
billy,soap,facebook,billy@test.com,2671
mohamed,mohamed,27,mohamed@email.com,12414